Sample,Partition,alpha,beta (background),beta (Test),subs (Test),P-value (overall),Q-value (overall),Permutation p-value,Total branch length,CodonSite,status,significant_site_0.10
BDNF-64,2,0.0,0.0,0.0,1,1.0,1.0,1.0,0.0,1,ok,0
BDNF-64,2,1.466852298721544,227.8910852741337,0.1492402922540783,0,1.0,1.0,-1.0,32924.55493402326,2,ok,0
BDNF-64,2,0.1072830250604786,0.6740753248945155,3.291545901082414,1,0.2009575292130639,0.5023938230326597,-1.0,105.0652661352258,3,ok,0
BDNF-64,2,10.68020757857147,0.5304948324854218,1.480108943662986e-06,1,0.2996466744445371,0.6421000166668652,-1.0,709.253855869194,4,ok,0
BDNF-64,2,0.03000083844907785,1.990499657017361,2.130905539023135,1,0.9332947507830728,1.0,-1.0,289.6173522552079,5,ok,0
BDNF-64,2,1.18842485043937,0.3644810646865735,0.9381536736550187,1,0.4669790163919575,0.7782983606532625,-1.0,123.3846671116671,6,ok,0
BDNF-64,2,0.1218340501301992,1.000985393777395,0.9565122531859529,1,0.9689210736695826,1.0,-1.0,151.9128756390545,7,ok,0
BDNF-64,2,0.4925323893560126,1.360177973139585,3.709106716944202,2,0.420563387056535,0.788556350731003,-1.0,226.9547529314424,8,ok,0
BDNF-64,2,3.144960127211327,0.5414972992720283,0.8612429030246386,1,0.7238574602000176,1.0,-1.0,264.7813190293521,9,ok,0
BDNF-64,2,0.4522479020750037,1.424654945767879,10.7068399983534,3,0.04735576957771737,0.3551682718328802,0.05,237.2152989946181,10,ok,1
BDNF-64,2,3.589489634251162,0.5052934330967006,3.847236864107074,2,0.06127687143407179,0.3063843571703589,-1.0,287.335761961188,11,ok,1
BDNF-64,2,8.226965312018836e-07,0.5766111123007689,2.431411455307952,1,0.1706838531394222,0.5120515594182667,-1.0,84.25215198226064,12,ok,0
BDNF-64,2,0.5110782834478398,0.5876757751268374,6.680357016968165,2,0.06531933970727222,0.2449475239022708,-1.0,118.1665310521761,13,ok,1
BDNF-64,2,0.1597271937973789,0.7253763858859684,11.47577507300331,2,0.01644835102906628,0.2467252654359942,1.0,119.4906695248649,14,ok,1
BDNF-64,2,2.581427466573686,0.2639873353427644,7.039694742982741e-06,0,0.7265088612873398,0.9906939017554635,-1.0,190.9909941270001,15,ok,0
