&alpha;,&beta;<sup>1</sup>,p<sup>1</sup>,&beta;<sup>+</sup>,p<sup>+</sup>,LRT,p-value,# branches under selection,Total branch length,MEME LogL,FEL LogL,FEL &alpha;,FEL &beta;
32.0778564665215,2.222074784580307e-06,1e-08,0.01128814535461631,0.99999999,0,0.6666666666666666,0,0,-7.312260122595483,-5.587248634867564,0.1781710049383995,1.693214242839528
0.0,0.0,1.0,0.0,0.0,0,1.0,0,0,0.0,0.0,1.0,0.0
0.0,0.0,1.0,0.0,0.0,0,1.0,0,0,0.0,0.0,1.0,0.0
0.0,0.0,1.0,0.0,0.0,0,1.0,0,0,0.0,0.0,1.0,0.0
58.54999920911128,3.918814806680395e-06,1e-08,0.01638738272565782,0.99999999,0,0.6666666666666666,0,0,-7.48338699438396,-6.375245826088052,0.3301721253937056,1.693214242839528
3.954125905659217,2.660282079694045e-07,1e-08,0.1555756026895125,0.99999999,0,0.6666666666666666,0,0,-7.163723431937581,-6.992310751227979,0.8424738290170724,1.693214242839528
0.0,0.0,1.0,0.0,0.0,0,1.0,0,0,0.0,0.0,1.0,0.0
7.90926114822895,5.234976721769733e-07,1e-08,0.06328762962122272,0.99999999,0,0.6666666666666666,0,0,-6.929023038455198,-6.651763839729568,0.757858035800673,1.693214242839528
1.164623022635002,5.277446808184529e-09,1e-08,0.1336428570334603,0.99999999,0,0.6666666666666666,0,0,-7.603825616603727,-7.603689927087744,0.9998643196894158,1.131615394635716
4.001700734360043,2.869743399136165e-07,1e-08,0.07057411594181133,0.99999999,0,0.6666666666666666,0,0,-7.270340618214414,-7.098874065409438,0.8424284444090956,1.693214242839528
0.0,0.0,1.0,0.0,0.0,0,1.0,0,0,0.0,0.0,1.0,0.0
0.0,0.0,1.0,0.0,0.0,0,1.0,0,0,0.0,0.0,1.0,0.0
0.0,0.0,1.0,0.0,0.0,0,1.0,0,0,0.0,0.0,1.0,0.0
0.0,0.0,1.0,0.0,0.0,0,1.0,0,0,0.0,0.0,1.0,0.0
0.0,0.0,1.0,0.0,0.0,0,1.0,0,0,0.0,0.0,1.0,0.0
0.0,0.0,1.0,0.0,0.0,0,1.0,0,0,0.0,0.0,1.0,0.0
0.0,0.0,1.0,0.0,0.0,0,1.0,0,0,0.0,0.0,1.0,0.0
0.0,0.0,1.0,0.0,0.0,0,1.0,0,0,0.0,0.0,1.0,0.0
86.62828362425685,5.793413982435058e-06,1e-08,0.2076820523799973,0.99999999,0,0.6666666666666666,0,0,-9.916154525796825,-7.463069559091386,0.0860277838695408,1.693214242839528
