alpha,beta,alpha=beta,LRT,p-value,Total branch length,dN/dS LB,dN/dS MLE,dN/dS UB
12.142242896018,3.76566240901679e-07,0.1244650542627176,8.553450911299974,0.003448678415247652,0.4231015008638198,0,3.101290627493314e-08,0.02061639951829766
0.0,0.0,0.0,0.0,1.0,0.0,0,0.0,0.0
0.0,0.0,0.0,0.0,1.0,0.0,0,0.0,0.0
0.0,0.0,0.0,0.0,1.0,0.0,0,0.0,0.0
48.95753416732509,6.116860410312399e-08,0.1741832654221448,6.702790446400043,0.00962621424002652,0.5921115887670155,0,1.249421670096055e-09,0.006167440627340396
1.482803572486968,6.273550591257681e-08,0.05730123536917545,5.784380262355601,0.01616919754345181,0.1947875154971212,0,4.230870971490606e-08,0.0820922512914263
0.0,0.0,0.0,0.0,1.0,0.0,0,0.0,0.0
48.95753416732509,6.116860410312399e-08,0.06475333550301073,5.883995743302563,0.01527910922692011,0.2201198850516943,0,1.249421670096055e-09,0.002647302135764347
0.4288119428358679,1.057106772496171e-08,0.06215246775635627,3.850374056341419,0.04973489772582584,0.2112785998116217,0,2.465198999601533e-08,0.3470677893971156
1.486851362984366,1.674614438805472e-08,0.1483694573228597,4.134140965611982,0.04202639275172992,0.5043611674578778,0,1.126282344352318e-08,0.2497983631879908
0.0,0.0,0.0,0.0,1.0,0.0,0,0.0,0.0
0.0,0.0,0.0,0.0,1.0,0.0,0,0.0,0.0
0.0,0.0,0.0,0.0,1.0,0.0,0,0.0,0.0
0.0,0.0,0.0,0.0,1.0,0.0,0,0.0,0.0
0.0,0.0,0.0,0.0,1.0,0.0,0,0.0,0.0
0.0,0.0,0.0,0.0,1.0,0.0,0,0.0,0.0
0.0,0.0,0.0,0.0,1.0,0.0,0,0.0,0.0
0.0,0.0,0.0,0.0,1.0,0.0,0,0.0,0.0
32.68545073760976,2.041040010398872e-07,2.012603710662077,4.595548995741137,0.03205507518022477,6.841564129541279,0,6.244490941195234e-09,0.1452521370282739
