Sample,Partition,test,k,p_value,LRT,selection_shift,status
BDNF-64,1,RELAX,1.198113648748599,0.5175772868869419,0.4187182891500925,intensified,ok
BDNF-64,2,RELAX,11.87205869505889,0.0722872270933177,3.230304940972246,intensified,ok
BDNF-64,3,RELAX,1.147946414018158,0.6510200415421178,0.2046165277898808,intensified,ok
BDNF-64,4,RELAX,1.075941968796145,0.5840611501792408,0.2997149923357938,intensified,ok
