Sample,Partition,test,p_value,LRT,tested_branches,background_branches,status
BDNF-64,1,BUSTEDS-MH,0.0839221539312521,3.569436935845715,0,1,ok
BDNF-64,2,BUSTEDS-MH,0.2894071422714972,1.093547209815824,0,1,ok
BDNF-64,3,BUSTEDS-MH,0.5,0.0,0,1,ok
BDNF-64,4,BUSTEDS-MH,0.2820313171990561,1.14517995942515,0,1,ok
