Sample,Partition,test,k,p_value,LRT,selection_shift,status
BDNF-64,1,RELAX,0.2131650571070955,0.0655425635545556,3.391267078220153,relaxed,ok
BDNF-64,2,RELAX,5.580740335891066,0.0898296613750067,2.877423280041512,intensified,ok
BDNF-64,3,RELAX,0.7128366995002146,0.4078675968686031,0.6850078720185593,relaxed,ok
BDNF-64,4,RELAX,1.101495503454609,0.5519717994970655,0.3537965923624142,intensified,ok
