Sample,Partition,test,p_value,LRT,tested_branches,background_branches,status
BDNF-64,1,BUSTEDS-MH,0.0929630234256694,3.364812563355372,0,1,ok
BDNF-64,2,BUSTEDS-MH,0.3485332106051118,0.7217491537708156,0,1,ok
BDNF-64,3,BUSTEDS-MH,0.5,0.0,0,1,ok
BDNF-64,4,BUSTEDS-MH,0.2329021957111597,1.527978987634924,0,1,ok
