Sample,Partition,test,k,p_value,LRT,selection_shift,status
BDNF-64,1,RELAX,1.0,1.0,0.0,no_change,ok
BDNF-64,2,RELAX,11.87205869505889,0.0722872270933177,3.230304940972246,intensified,ok
BDNF-64,3,RELAX,0.6989491485562535,0.3277032670956863,0.957952565607684,relaxed,ok
BDNF-64,4,RELAX,1.075941968796145,0.5840611501792408,0.2997149923357938,intensified,ok
